{
    "Player": {
        "position": {
            "x": -13.0,
            "y": -0.4000000059604645,
            "z": -1.600000023841858
        },
        "remainingThreadCount": 5,
        "rotate": {
            "x": 0.0,
            "y": 0.0,
            "z": 0.0
        },
        "velocity": {
            "x": 0.05000000074505806,
            "y": 0.0,
            "z": 0.05000000074505806
        }
    }
}
