{
    "Player": {
        "position": [
            -12.180705070495605,
            -0.4000000059604645,
            6.405169486999512
        ],
        "remainingThreadCount": 4,
        "rotate": [
            0.0,
            -6.268322944641113,
            0.0
        ],
        "velocity": [
            0.05000000074505806,
            0.0,
            0.05000000074505806
        ]
    }
}
