{
    "Player": {
        "position": [
            1.2788174152374268,
            -0.4111052453517914,
            -5.294409275054932
        ],
        "remainingThreadCount": 3,
        "rotate": [
            0.0,
            1.5707967281341553,
            0.0
        ],
        "velocity": [
            0.05000000074505806,
            0.0,
            0.05000000074505806
        ]
    }
}
